Model,R2 Score,RMSE,MAE
Random Forest,0.8728055967199477,325194.5854736383,257602.61585441197
Gradient Boosting,0.8883330131654648,304699.4733534816,244368.6108553659
XGBoost,0.8722476207279692,325907.0862013256,256619.70766441277
