,Recency,Frequency,Monetary
Recency,1.0,-0.18072716516035905,-0.1577204450976259
Frequency,-0.18072716516035905,1.0,0.8671033087696914
Monetary,-0.1577204450976259,0.8671033087696914,1.0
